<keymap version="1" name="Windows 副本 适当重做" parent="$default">
  <action id="$Redo">
    <keyboard-shortcut first-keystroke="shift ctrl z" />
    <keyboard-shortcut first-keystroke="shift alt back_space" />
    <keyboard-shortcut first-keystroke="ctrl y" />
  </action>
  <action id="ActivateProjectToolWindow">
    <keyboard-shortcut first-keystroke="alt 1" />
    <keyboard-shortcut first-keystroke="ctrl b" />
  </action>
  <action id="Console.TableResult.CloneRow">
    <keyboard-shortcut first-keystroke="shift alt down" />
  </action>
  <action id="CopyElement" />
  <action id="EditorDeleteLine" />
  <action id="EditorDuplicate">
    <keyboard-shortcut first-keystroke="ctrl alt down" />
    <keyboard-shortcut first-keystroke="ctrl alt up" />
  </action>
  <action id="EditorSplitLine">
    <keyboard-shortcut first-keystroke="shift enter" />
  </action>
  <action id="EditorStartNewLine">
    <keyboard-shortcut first-keystroke="ctrl enter" />
  </action>
  <action id="GotoDeclaration">
    <mouse-shortcut keystroke="control button1" />
    <mouse-shortcut keystroke="button2" />
  </action>
  <action id="Graph.RouteEdges" />
  <action id="MoveLineDown">
    <keyboard-shortcut first-keystroke="ctrl alt down" />
  </action>
  <action id="MoveLineUp">
    <keyboard-shortcut first-keystroke="ctrl alt up" />
  </action>
  <action id="Run">
    <keyboard-shortcut first-keystroke="shift f10" />
    <keyboard-shortcut first-keystroke="f5" />
  </action>
  <action id="SelectNextOccurrence">
    <keyboard-shortcut first-keystroke="alt j" />
    <keyboard-shortcut first-keystroke="ctrl d" />
  </action>
</keymap>