<keymap version="1" name="Windows 副本 1" parent="$default">
  <action id="ActivateProjectToolWindow">
    <keyboard-shortcut first-keystroke="alt 1" />
    <keyboard-shortcut first-keystroke="ctrl b" />
  </action>
  <action id="Arrangement.Rule.Match.Condition.Move.Down" />
  <action id="Arrangement.Rule.Match.Condition.Move.Up" />
  <action id="Console.TableResult.CloneRow">
    <keyboard-shortcut first-keystroke="shift alt down" />
    <keyboard-shortcut first-keystroke="shift alt up" />
  </action>
  <action id="CopyElement" />
  <action id="EditorCloneCaretAbove">
    <keyboard-shortcut first-keystroke="ctrl alt up" />
  </action>
  <action id="EditorCloneCaretBelow">
    <keyboard-shortcut first-keystroke="ctrl alt down" />
  </action>
  <action id="EditorDuplicate">
    <keyboard-shortcut first-keystroke="shift alt down" />
    <keyboard-shortcut first-keystroke="shift alt up" />
  </action>
  <action id="EditorSplitLine">
    <keyboard-shortcut first-keystroke="shift enter" />
  </action>
  <action id="EditorStartNewLine">
    <keyboard-shortcut first-keystroke="ctrl enter" />
  </action>
  <action id="GotoDeclaration">
    <mouse-shortcut keystroke="control button1" />
    <mouse-shortcut keystroke="button2" />
  </action>
  <action id="MethodDown" />
  <action id="MethodUp" />
  <action id="MoveLineDown" />
  <action id="MoveLineUp" />
  <action id="MoveStatementDown">
    <keyboard-shortcut first-keystroke="alt down" />
  </action>
  <action id="MoveStatementUp">
    <keyboard-shortcut first-keystroke="alt up" />
  </action>
  <action id="Run">
    <keyboard-shortcut first-keystroke="shift f10" />
    <keyboard-shortcut first-keystroke="f5" />
  </action>
  <action id="SelectNextOccurrence">
    <keyboard-shortcut first-keystroke="alt j" />
    <keyboard-shortcut first-keystroke="ctrl d" />
  </action>
  <action id="ShowContent" />
  <action id="ShowSearchHistory" />
  <action id="UsageView.ShowRecentFindUsages" />
  <action id="XDebugger.MoveWatchDown" />
</keymap>