<keymap version="1" name="Windows 副本 1" parent="$default">
  <action id="Console.TableResult.CloneRow">
    <keyboard-shortcut first-keystroke="shift alt down" />
  </action>
  <action id="CopyElement" />
  <action id="EditorDuplicate" />
  <action id="MoveLineDown">
    <keyboard-shortcut first-keystroke="ctrl alt down" />
  </action>
  <action id="MoveLineUp">
    <keyboard-shortcut first-keystroke="ctrl alt up" />
  </action>
  <action id="Run">
    <keyboard-shortcut first-keystroke="shift f10" />
    <keyboard-shortcut first-keystroke="f5" />
  </action>
  <action id="SelectNextOccurrence">
    <keyboard-shortcut first-keystroke="alt j" />
    <keyboard-shortcut first-keystroke="ctrl d" />
  </action>
  <action id="XDebugger.MoveWatchDown" />
</keymap>